round,accuracy_mean,accuracy_std,loss_mean,loss_std,gate3_rejected_mean,agg_skipped_frac,tp_mean,fp_mean,fn_mean,tn_mean
1,0.24269999999999997,0.02769999999999999,1.8927314281463623,0.03596419095993042,0.0,0.0,0.0,0.0,1.0,1.0
2,0.42427499999999996,0.205925,1.3893705010414124,0.34717804193496704,0.5,0.0,0.5,0.0,0.5,1.0
3,0.47540000000000004,0.19160000000000002,1.2822649776935577,0.3307264745235443,0.5,0.0,0.5,0.0,0.5,1.0
